{"cameraMode":{"drawMode":0,"name":"Shaded","section":"Shading Mode"},"sceneLighting":false,"audioPlay":false,"sceneViewState":{"showFog":true,"showMaterialUpdate":false,"showSkybox":false,"showFlares":true,"showImageEffects":true,"showParticleSystems":true},"in2DMode":false,"pivot":{"x":0.19343328475952149,"y":0.577402651309967,"z":-0.6388601064682007},"rotation":{"x":-0.06629772484302521,"y":-0.02525165118277073,"z":0.0007234119693748653,"w":-0.9979425072669983},"size":0.7911221385002136,"orthographic":false}