{"cameraMode":{"drawMode":0,"name":"Shaded","section":"Shading Mode"},"sceneLighting":false,"audioPlay":false,"sceneViewState":{"showFog":true,"showMaterialUpdate":false,"showSkybox":false,"showFlares":true,"showImageEffects":true,"showParticleSystems":true},"in2DMode":false,"pivot":{"x":0.00022983551025390625,"y":0.23657502233982087,"z":0.003630891442298889},"rotation":{"x":-0.2754833400249481,"y":0.17045758664608003,"z":-0.05095923691987991,"w":-0.945214569568634},"size":0.46219900250434878,"orthographic":false}