{"cameraMode":{"drawMode":0,"name":"Shaded","section":"Shading Mode"},"sceneLighting":false,"audioPlay":false,"sceneViewState":{"showFog":true,"showMaterialUpdate":false,"showSkybox":false,"showFlares":true,"showImageEffects":true,"showParticleSystems":true},"in2DMode":false,"pivot":{"x":-0.5466986894607544,"y":3.7484893798828127,"z":0.85843425989151},"rotation":{"x":0.03419218957424164,"y":-0.0028115238528698684,"z":-0.0006785855512134731,"w":-0.9997811317443848},"size":0.7100037932395935,"orthographic":false}