{"cameraMode":{"drawMode":0,"name":"Shaded","section":"Shading Mode"},"sceneLighting":true,"audioPlay":false,"sceneViewState":{"showFog":true,"showMaterialUpdate":false,"showSkybox":true,"showFlares":true,"showImageEffects":true,"showParticleSystems":true},"in2DMode":false,"pivot":{"x":580.212646484375,"y":840.8018188476563,"z":72.5506591796875},"rotation":{"x":0.06178506836295128,"y":-0.014650190249085427,"z":0.0018370168982073665,"w":0.998508870601654},"size":539.2538452148438,"orthographic":false}