{"cameraMode":{"drawMode":0,"name":"Shaded","section":"Shading Mode"},"sceneLighting":false,"audioPlay":false,"sceneViewState":{"showFog":true,"showMaterialUpdate":false,"showSkybox":false,"showFlares":true,"showImageEffects":true,"showParticleSystems":true},"in2DMode":false,"pivot":{"x":-0.4584798812866211,"y":0.3540385365486145,"z":-5.960464477539063e-8},"rotation":{"x":0.193867489695549,"y":-0.049540285021066669,"z":0.010961700230836869,"w":0.9802469611167908},"size":2.5224499702453615,"orthographic":false}