{"cameraMode":{"drawMode":0,"name":"Shaded","section":"Shading Mode"},"sceneLighting":false,"audioPlay":false,"sceneViewState":{"showFog":true,"showMaterialUpdate":false,"showSkybox":false,"showFlares":true,"showImageEffects":true,"showParticleSystems":true},"in2DMode":false,"pivot":{"x":-0.44483667612075808,"y":0.2565605044364929,"z":0.00018930435180664063},"rotation":{"x":0.11392571777105332,"y":-0.04876696690917015,"z":0.006814476102590561,"w":0.9927942752838135},"size":2.778843402862549,"orthographic":false}