{"cameraMode":{"drawMode":0,"name":"Shaded","section":"Shading Mode"},"sceneLighting":false,"audioPlay":false,"sceneViewState":{"showFog":true,"showMaterialUpdate":false,"showSkybox":false,"showFlares":true,"showImageEffects":true,"showParticleSystems":true},"in2DMode":false,"pivot":{"x":10.645000457763672,"y":1.3040000200271607,"z":-0.3330000042915344},"rotation":{"x":0.03419218957424164,"y":-0.0028115238528698684,"z":-0.0006785855512134731,"w":-0.9997811317443848},"size":2.7353549003601076,"orthographic":false}