{"cameraMode":{"drawMode":0,"name":"Shaded","section":"Shading Mode"},"sceneLighting":false,"audioPlay":false,"sceneViewState":{"showFog":true,"showMaterialUpdate":false,"showSkybox":false,"showFlares":true,"showImageEffects":true,"showParticleSystems":true},"in2DMode":false,"pivot":{"x":-0.6753818988800049,"y":0.3328036069869995,"z":-0.1737992763519287},"rotation":{"x":-0.30486446619033816,"y":0.11809247732162476,"z":-0.039442941546440127,"w":-0.9447131156921387},"size":1.043968915939331,"orthographic":false}