{"cameraMode":{"drawMode":0,"name":"Shaded","section":"Shading Mode"},"sceneLighting":false,"audioPlay":false,"sceneViewState":{"showFog":true,"showMaterialUpdate":false,"showSkybox":false,"showFlares":true,"showImageEffects":true,"showParticleSystems":true},"in2DMode":false,"pivot":{"x":0.010618716478347779,"y":0.07538367807865143,"z":-0.000012993812561035156},"rotation":{"x":0.2846575975418091,"y":-0.40098923444747927,"z":0.13384395837783814,"w":0.860991895198822},"size":0.5362752676010132,"orthographic":false}