{"cameraMode":{"drawMode":0,"name":"Shaded","section":"Shading Mode"},"sceneLighting":false,"audioPlay":false,"sceneViewState":{"showFog":true,"showMaterialUpdate":false,"showSkybox":false,"showFlares":true,"showImageEffects":true,"showParticleSystems":true},"in2DMode":false,"pivot":{"x":0.06545484066009522,"y":0.11435621976852417,"z":0.528728723526001},"rotation":{"x":-0.3453858494758606,"y":0.03641899302601814,"z":-0.014749146066606045,"w":-0.93813157081604},"size":1.7525978088378907,"orthographic":false}