{"cameraMode":{"drawMode":0,"name":"Shaded","section":"Shading Mode"},"sceneLighting":false,"audioPlay":false,"sceneViewState":{"showFog":true,"showMaterialUpdate":false,"showSkybox":false,"showFlares":true,"showImageEffects":true,"showParticleSystems":true},"in2DMode":false,"pivot":{"x":1.3480050563812256,"y":0.5700810551643372,"z":-0.9817410707473755},"rotation":{"x":0.03419218957424164,"y":-0.0028115238528698684,"z":-0.0006785855512134731,"w":-0.9997811317443848},"size":0.6437631845474243,"orthographic":false}