{"cameraMode":{"drawMode":0,"name":"Shaded","section":"Shading Mode"},"sceneLighting":false,"audioPlay":false,"sceneViewState":{"showFog":true,"showMaterialUpdate":false,"showSkybox":false,"showFlares":true,"showImageEffects":true,"showParticleSystems":true},"in2DMode":false,"pivot":{"x":1.551854133605957,"y":0.01879739761352539,"z":1.363181471824646},"rotation":{"x":-0.2591787278652191,"y":-0.21664242446422578,"z":0.05855964869260788,"w":-0.939887285232544},"size":2.3779549598693849,"orthographic":false}