{"cameraMode":{"drawMode":0,"name":"Shaded","section":"Shading Mode"},"sceneLighting":false,"audioPlay":false,"sceneViewState":{"showFog":true,"showMaterialUpdate":false,"showSkybox":false,"showFlares":true,"showImageEffects":true,"showParticleSystems":true},"in2DMode":false,"pivot":{"x":0.0,"y":0.07999998331069946,"z":0.2875000238418579},"rotation":{"x":-0.11796180158853531,"y":-0.881904661655426,"z":0.3442498445510864,"w":-0.30088701844215395},"size":1.3100037574768067,"orthographic":false}