{"cameraMode":{"drawMode":0,"name":"Shaded","section":"Shading Mode"},"sceneLighting":false,"audioPlay":false,"sceneViewState":{"showFog":true,"showMaterialUpdate":false,"showSkybox":false,"showFlares":true,"showImageEffects":true,"showParticleSystems":true},"in2DMode":false,"pivot":{"x":-0.9395500421524048,"y":0.41425514221191409,"z":-0.21351957321166993},"rotation":{"x":0.19829294085502625,"y":-0.04801952838897705,"z":0.0108873900026083,"w":0.9794363975524902},"size":1.599679708480835,"orthographic":false}