{"cameraMode":{"drawMode":0,"name":"Shaded","section":"Shading Mode"},"sceneLighting":false,"audioPlay":false,"sceneViewState":{"showFog":true,"showMaterialUpdate":false,"showSkybox":false,"showFlares":true,"showImageEffects":true,"showParticleSystems":true},"in2DMode":false,"pivot":{"x":5.116878509521484,"y":-0.8582706451416016,"z":-2.171039581298828},"rotation":{"x":0.1450011283159256,"y":-0.06336458027362824,"z":0.010425735265016556,"w":0.9878711104393005},"size":19.81509780883789,"orthographic":false}