{"cameraMode":{"drawMode":0,"name":"Shaded","section":"Shading Mode"},"sceneLighting":false,"audioPlay":false,"sceneViewState":{"showFog":true,"showMaterialUpdate":false,"showSkybox":false,"showFlares":true,"showImageEffects":true,"showParticleSystems":true},"in2DMode":false,"pivot":{"x":0.07915395498275757,"y":0.11394977569580078,"z":-0.0199623703956604},"rotation":{"x":-0.0809275284409523,"y":0.07337233424186707,"z":-0.007540907710790634,"w":-0.994479238986969},"size":1.3807663917541505,"orthographic":false}