{"cameraMode":{"drawMode":0,"name":"Shaded","section":"Shading Mode"},"sceneLighting":false,"audioPlay":false,"sceneViewState":{"showFog":true,"showMaterialUpdate":false,"showSkybox":false,"showFlares":true,"showImageEffects":true,"showParticleSystems":true},"in2DMode":false,"pivot":{"x":0.19122804701328278,"y":0.4313311278820038,"z":0.4753674566745758},"rotation":{"x":-0.11796180158853531,"y":-0.881904661655426,"z":0.3442498445510864,"w":-0.30088701844215395},"size":0.04638075828552246,"orthographic":false}