{"cameraMode":{"drawMode":0,"name":"Shaded","section":"Shading Mode"},"sceneLighting":false,"audioPlay":false,"sceneViewState":{"showFog":true,"showMaterialUpdate":false,"showSkybox":false,"showFlares":true,"showImageEffects":true,"showParticleSystems":true},"in2DMode":false,"pivot":{"x":0.9320770502090454,"y":-1.1218676567077637,"z":2.43499755859375},"rotation":{"x":0.32034122943878176,"y":0.3473418354988098,"z":-0.1261473298072815,"w":0.8727590441703796},"size":0.4322843551635742,"orthographic":false}