{"cameraMode":{"drawMode":0,"name":"Shaded","section":"Shading Mode"},"sceneLighting":false,"audioPlay":false,"sceneViewState":{"showFog":true,"showMaterialUpdate":false,"showSkybox":false,"showFlares":true,"showImageEffects":true,"showParticleSystems":true},"in2DMode":false,"pivot":{"x":0.0747651755809784,"y":0.8951910734176636,"z":0.06383562088012696},"rotation":{"x":-0.2187555730342865,"y":0.051211774349212649,"z":-0.012762771919369698,"w":-0.9748262763023377},"size":1.428267478942871,"orthographic":false}