{"cameraMode":{"drawMode":0,"name":"Shaded","section":"Shading Mode"},"sceneLighting":false,"audioPlay":false,"sceneViewState":{"showFog":true,"showMaterialUpdate":false,"showSkybox":false,"showFlares":true,"showImageEffects":true,"showParticleSystems":true},"in2DMode":false,"pivot":{"x":-1.2466950416564942,"y":-9.050289154052735,"z":-0.7949657440185547},"rotation":{"x":-0.5658230781555176,"y":0.19049090147018434,"z":-0.1379014551639557,"w":-0.790890634059906},"size":24.218544006347658,"orthographic":false}