{"cameraMode":{"drawMode":0,"name":"Shaded","section":"Shading Mode"},"sceneLighting":false,"audioPlay":false,"sceneViewState":{"showFog":true,"showMaterialUpdate":false,"showSkybox":false,"showFlares":true,"showImageEffects":true,"showParticleSystems":true},"in2DMode":false,"pivot":{"x":0.0052220821380615238,"y":0.9656609296798706,"z":1.1920928955078126e-7},"rotation":{"x":-0.22936278581619264,"y":-0.008781332522630692,"z":0.0008387999259866774,"w":-0.9737755060195923},"size":4.176546573638916,"orthographic":false}