{"cameraMode":{"drawMode":0,"name":"Shaded","section":"Shading Mode"},"sceneLighting":false,"audioPlay":false,"sceneViewState":{"showFog":true,"showMaterialUpdate":false,"showSkybox":false,"showFlares":true,"showImageEffects":true,"showParticleSystems":true},"in2DMode":false,"pivot":{"x":1.4901161193847657e-8,"y":0.5380891561508179,"z":0.0},"rotation":{"x":-0.3453858494758606,"y":0.03641899302601814,"z":-0.014749146066606045,"w":-0.93813157081604},"size":0.7439689040184021,"orthographic":false}