{"cameraMode":{"drawMode":0,"name":"Shaded","section":"Shading Mode"},"sceneLighting":false,"audioPlay":false,"sceneViewState":{"showFog":true,"showMaterialUpdate":false,"showSkybox":false,"showFlares":true,"showImageEffects":true,"showParticleSystems":true},"in2DMode":false,"pivot":{"x":0.0843055248260498,"y":0.09541851282119751,"z":-0.015952885150909425},"rotation":{"x":-0.010797476395964623,"y":0.015264713205397129,"z":-0.0014380798675119877,"w":-1.0003130435943604},"size":1.2707288265228272,"orthographic":false}