{"cameraMode":{"drawMode":0,"name":"Shaded","section":"Shading Mode"},"sceneLighting":false,"audioPlay":false,"sceneViewState":{"showFog":true,"showMaterialUpdate":false,"showSkybox":false,"showFlares":true,"showImageEffects":true,"showParticleSystems":true},"in2DMode":false,"pivot":{"x":-0.3029944896697998,"y":0.5374023914337158,"z":-0.01881575584411621},"rotation":{"x":0.12192057073116303,"y":-0.12583130598068238,"z":0.016771001741290094,"w":0.984911322593689},"size":3.349447727203369,"orthographic":false}