{"cameraMode":{"drawMode":0,"name":"Shaded","section":"Shading Mode"},"sceneLighting":false,"audioPlay":false,"sceneViewState":{"showFog":true,"showMaterialUpdate":false,"showSkybox":false,"showFlares":true,"showImageEffects":true,"showParticleSystems":true},"in2DMode":false,"pivot":{"x":0.03113454580307007,"y":-2.542707920074463,"z":8.40816593170166},"rotation":{"x":-0.3215213418006897,"y":-0.03140554949641228,"z":0.009347683750092984,"w":-0.9468445181846619},"size":3.6257777214050295,"orthographic":false}